{
    "pizzas": [
        {
            "name": "Pepperoni Pizza",
            "toppings": ["pepperoni", "mozzarella cheese", "marinara sauce"],
            "sizes": ["large", "medium", "small"],
            "price": 15.78
        },
        {
            "name": "Cheese Pizza",
            "toppings": ["mozzarella cheese", "marinara sauce"],
            "sizes": ["large", "medium", "small"],
            "price": 13.99
        },
        {
            "name": "Supreme Pizza",
            "toppings": ["pepperoni", "pork", "beef", "marinara sauce", "mushrooms", "green bell peppers", "red onions"],
            "sizes": ["large", "medium", "small"],
            "price": 18.99
        }
    ],
    "sides": [
        {
            "name": "Garlic Bread",
            "price": 5.99
        },
        {
            "name": "Cheese Bread",
            "price": 7.99
        },
        {
            "name": "Breadsticks",
            "price": 6.19
        }
    ],
    "drinks": [
        {
            "name": "PEPSI",
            "price": 2.49
        },
        {
            "name": "MTN DEW",
            "price": 2.49
        },
        {
            "name": "Root Beer",
            "price": 2.49
        }
    ]
}